FID_,ObjectID,SQMI,CBSA_Code,Metro_Name,Pop2010SF1,Largest100,Lon,Lat
,0.000000000000000,3319.780000000000200,42020,"San Luis Obispo-Paso Robles, CA  Metro Area",269637.000000000000000,0.000000000000000,-120.403983000000000,35.387107999999998
,6.000000000000000,4181.189999999999600,48620,"Wichita, KS  Metro Area",623061.000000000000000,1.000000000000000,-97.245430999999996,37.638697000000001
,10.000000000000000,26715.709999999999000,11260,"Anchorage, AK  Metro Area",380821.000000000000000,0.000000000000000,-149.541180999999990,62.242711999999997
,11.000000000000000,7435.680000000000300,21820,"Fairbanks, AK  Metro Area",97581.000000000000000,0.000000000000000,-146.563859000000010,64.808499999999995
,16.000000000000000,600.299999999999950,26180,"Honolulu, HI  Metro Area",953207.000000000000000,1.000000000000000,-157.973459999999990,21.458731000000000
,19.000000000000000,2162.429999999999800,13380,"Bellingham, WA  Metro Area",201140.000000000000000,0.000000000000000,-121.717027000000000,48.825693999999999
,20.000000000000000,1753.130000000000100,34580,"Mount Vernon-Anacortes, WA  Metro Area",116901.000000000000000,0.000000000000000,-121.726847000000010,48.479427999999999
,23.000000000000000,4842.420000000000100,48300,"Wenatchee-East Wenatchee, WA  Metro Area",110884.000000000000000,0.000000000000000,-120.265455000000000,47.818364000000003
,26.000000000000000,3054.579999999999900,13460,"Bend, OR  Metro Area",157733.000000000000000,0.000000000000000,-121.227948000000000,43.914904000000000
,29.000000000000000,678.980000000000020,18700,"Corvallis, OR  Metro Area",85579.000000000000000,0.000000000000000,-123.429196000000000,44.492179999999998
,30.000000000000000,4617.710000000000000,21660,"Eugene-Springfield, OR  Metro Area",351715.000000000000000,0.000000000000000,-122.847325000000000,43.938640999999997
,33.000000000000000,2801.840000000000100,32780,"Medford, OR  Metro Area",203206.000000000000000,0.000000000000000,-122.728448000000000,42.432144999999998
,39.000000000000000,6817.609999999999700,38900,"Portland-Vancouver-Hillsboro, OR-WA  Metro Area",2226009.000000000000000,1.000000000000000,-122.478866999999990,45.598573000000002
,40.000000000000000,1938.710000000000000,41420,"Salem, OR  Metro Area",390738.000000000000000,0.000000000000000,-122.901476000000000,44.903416000000000
,42.000000000000000,403.930000000000010,14740,"Bremerton-Silverdale, WA  Metro Area",251133.000000000000000,0.000000000000000,-122.675241000000000,47.612924999999997
,45.000000000000000,1166.250000000000000,31020,"Longview, WA  Metro Area",102410.000000000000000,0.000000000000000,-122.680800000000000,46.193314000000001
,46.000000000000000,736.480000000000020,36500,"Olympia, WA  Metro Area",252264.000000000000000,0.000000000000000,-122.829798000000000,46.919528999999997
,47.000000000000000,5991.380000000000100,42660,"Seattle-Tacoma-Bellevue, WA  Metro Area",3439809.000000000000000,1.000000000000000,-121.849699000000000,47.557383999999999
,48.000000000000000,4311.569999999999700,49420,"Yakima, WA  Metro Area",243231.000000000000000,0.000000000000000,-120.738746000000010,46.456884000000002
,49.000000000000000,11833.440000000001000,14260,"Boise City-Nampa, ID  Metro Area",616561.000000000000000,1.000000000000000,-116.143221000000000,43.016182999999998
,50.000000000000000,1315.670000000000100,17660,"Coeur d'Alene, ID  Metro Area",138494.000000000000000,0.000000000000000,-116.700007000000000,47.674559000000002
,51.000000000000000,1496.960000000000000,30300,"Lewiston, ID-WA  Metro Area",60888.000000000000000,0.000000000000000,-116.943740000000010,46.269097000000002
,58.000000000000000,3024.920000000000100,28420,"Kennewick-Pasco-Richland, WA  Metro Area",253340.000000000000000,0.000000000000000,-119.254350000000000,46.363478999999998
,61.000000000000000,1780.750000000000000,44060,"Spokane, WA  Metro Area",471221.000000000000000,0.000000000000000,-117.404004000000000,47.620632000000001
,63.000000000000000,1677.490000000000000,17020,"Chico, CA  Metro Area",220000.000000000000000,0.000000000000000,-121.600626000000010,39.666983999999999
,67.000000000000000,3847.800000000000200,39820,"Redding, CA  Metro Area",177223.000000000000000,0.000000000000000,-122.040548000000000,40.763733000000002
,68.000000000000000,1590.079999999999900,42220,"Santa Rosa-Petaluma, CA  Metro Area",483878.000000000000000,0.000000000000000,-122.887141000000000,38.528413999999998
,72.000000000000000,1251.980000000000000,49700,"Yuba City, CA  Metro Area",166892.000000000000000,0.000000000000000,-121.517926000000000,39.155334000000003
,74.000000000000000,1970.520000000000000,32900,"Merced, CA  Metro Area",255793.000000000000000,0.000000000000000,-120.718217000000000,37.192208999999998
,75.000000000000000,1513.859999999999900,33700,"Modesto, CA  Metro Area",514453.000000000000000,1.000000000000000,-120.997603000000000,37.559047999999997
,76.000000000000000,788.639999999999990,34900,"Napa, CA  Metro Area",136484.000000000000000,0.000000000000000,-122.330472000000000,38.506441000000002
,77.000000000000000,5308.630000000000100,40900,"Sacramento--Arden-Arcade--Roseville, CA  Metro Area",2149127.000000000000000,1.000000000000000,-120.997480999999990,38.780366999999998
,78.000000000000000,3314.380000000000100,41500,"Salinas, CA  Metro Area",415057.000000000000000,0.000000000000000,-121.239002000000000,36.217156000000003
,79.000000000000000,2532.090000000000100,41860,"San Francisco-Oakland-Fremont, CA  Metro Area",4335391.000000000000000,1.000000000000000,-122.161244999999990,37.779038999999997
,80.000000000000000,2689.280000000000200,41940,"San Jose-Sunnyvale-Santa Clara, CA  Metro Area",1836911.000000000000000,1.000000000000000,-121.375592000000000,36.909249000000003
,81.000000000000000,446.639999999999990,42100,"Santa Cruz-Watsonville, CA  Metro Area",262382.000000000000000,0.000000000000000,-122.001757000000000,37.056209000000003
,82.000000000000000,1424.650000000000100,44700,"Stockton, CA  Metro Area",685306.000000000000000,1.000000000000000,-121.271519000000000,37.934375000000003
,83.000000000000000,889.580000000000040,46700,"Vallejo-Fairfield, CA  Metro Area",413344.000000000000000,0.000000000000000,-121.932576000000000,38.270049999999998
,85.000000000000000,6018.040000000000000,23420,"Fresno, CA  Metro Area",930450.000000000000000,1.000000000000000,-119.650373000000000,36.758409999999998
,86.000000000000000,2153.000000000000000,31460,"Madera-Chowchilla, CA  Metro Area",150865.000000000000000,0.000000000000000,-119.762613000000000,37.218113000000002
,88.000000000000000,155.729999999999990,16180,"Carson City, NV  Metro Area",55274.000000000000000,0.000000000000000,-119.746477000000000,39.150768999999997
,94.000000000000000,6814.979999999999600,39900,"Reno-Sparks, NV  Metro Area",425417.000000000000000,0.000000000000000,-119.658587000000000,40.617590999999997
,95.000000000000000,8161.359999999999700,12540,"Bakersfield-Delano, CA  Metro Area",839631.000000000000000,1.000000000000000,-118.729820000000000,35.342928000000001
,96.000000000000000,4481.619999999999900,20940,"El Centro, CA  Metro Area",174528.000000000000000,0.000000000000000,-115.365313000000000,33.039532999999999
,97.000000000000000,1391.410000000000100,25260,"Hanford-Corcoran, CA  Metro Area",152982.000000000000000,0.000000000000000,-119.815530999999990,36.075322999999997
,98.000000000000000,4887.140000000000300,31100,"Los Angeles-Long Beach-Santa Ana, CA  Metro Area",12828837.000000000000000,1.000000000000000,-118.149469999999990,34.222180999999999
,99.000000000000000,1857.420000000000100,37100,"Oxnard-Thousand Oaks-Ventura, CA  Metro Area",823318.000000000000000,1.000000000000000,-119.083591000000000,34.456527999999999
,100.000000000000000,27408.799999999999000,40140,"Riverside-San Bernardino-Ontario, CA  Metro Area",4224851.000000000000000,1.000000000000000,-116.129707999999990,34.551704999999998
,101.000000000000000,4238.960000000000000,41740,"San Diego-Carlsbad-San Marcos, CA  Metro Area",3095313.000000000000000,1.000000000000000,-116.733191000000010,33.035820999999999
,102.000000000000000,2751.119999999999900,42060,"Santa Barbara-Santa Maria-Goleta, CA  Metro Area",423895.000000000000000,0.000000000000000,-120.016693000000000,34.673011000000002
,103.000000000000000,4838.600000000000400,47300,"Visalia-Porterville, CA  Metro Area",442179.000000000000000,0.000000000000000,-118.800472000000000,36.220149999999997
,104.000000000000000,8090.550000000000200,29820,"Las Vegas-Paradise, NV  Metro Area",1951269.000000000000000,1.000000000000000,-115.018704000000000,36.214503999999998
,105.000000000000000,591.480000000000020,44600,"Steubenville-Weirton, OH-WV  Metro Area",124454.000000000000000,0.000000000000000,-80.704272000000003,40.388044000000001
,106.000000000000000,5343.119999999999900,38300,"Pittsburgh, PA  Metro Area",2356285.000000000000000,1.000000000000000,-79.830883000000000,40.439056000000001
,110.000000000000000,901.980000000000020,33260,"Midland, TX  Metro Area",136872.000000000000000,0.000000000000000,-102.031585000000010,31.869236000000001
,111.000000000000000,901.799999999999950,36220,"Odessa, TX  Metro Area",137130.000000000000000,0.000000000000000,-102.542822000000000,31.869211000000000
,112.000000000000000,2592.210000000000000,41660,"San Angelo, TX  Metro Area",111823.000000000000000,0.000000000000000,-100.673064000000000,31.363664000000000
,117.000000000000000,1017.230000000000000,34060,"Morgantown, WV  Metro Area",129709.000000000000000,0.000000000000000,-79.804449000000005,39.527275000000003
,118.000000000000000,962.490000000000010,48540,"Wheeling, WV-OH  Metro Area",147950.000000000000000,0.000000000000000,-80.841312000000002,39.974741999999999
,119.000000000000000,2026.000000000000000,10780,"Alexandria, LA  Metro Area",153922.000000000000000,0.000000000000000,-92.541831000000002,31.330576000000001
,120.000000000000000,4214.720000000000300,12940,"Baton Rouge, LA  Metro Area",802484.000000000000000,1.000000000000000,-91.130943000000002,30.570291999999998
,123.000000000000000,2757.679999999999800,10180,"Abilene, TX  Metro Area",165252.000000000000000,0.000000000000000,-99.717688999999993,32.449700000000000
,127.000000000000000,2858.579999999999900,28660,"Killeen-Temple-Fort Hood, TX  Metro Area",405300.000000000000000,0.000000000000000,-97.787694000000002,31.208081000000000
,132.000000000000000,1060.200000000000000,47380,"Waco, TX  Metro Area",234906.000000000000000,0.000000000000000,-97.201791999999998,31.552382000000001
,133.000000000000000,740.500000000000000,14500,"Boulder, CO  Metro Area",294567.000000000000000,0.000000000000000,-105.357716999999990,40.092464000000000
,134.000000000000000,8402.829999999999900,19740,"Denver-Aurora-Broomfield, CO  Metro Area",2543482.000000000000000,1.000000000000000,-104.894434000000000,39.433686999999999
,136.000000000000000,4017.150000000000100,24540,"Greeley, CO  Metro Area",252825.000000000000000,0.000000000000000,-104.392520000000000,40.554831000000000
,143.000000000000000,2687.530000000000200,16940,"Cheyenne, WY  Metro Area",91738.000000000000000,0.000000000000000,-104.689622000000000,41.307070000000003
,144.000000000000000,18660.750000000000000,22380,"Flagstaff, AZ  Metro Area",134421.000000000000000,0.000000000000000,-111.770512000000000,35.838754000000002
,145.000000000000000,13469.719999999999000,29420,"Lake Havasu City-Kingman, AZ  Metro Area",200186.000000000000000,0.000000000000000,-113.758187000000010,35.704394000000001
,148.000000000000000,14598.040000000001000,38060,"Phoenix-Mesa-Glendale, AZ  Metro Area",4192887.000000000000000,1.000000000000000,-112.070505999999990,33.185755000000000
,149.000000000000000,8127.859999999999700,39140,"Prescott, AZ  Metro Area",211033.000000000000000,0.000000000000000,-112.553880000000010,34.599896000000001
,153.000000000000000,9189.090000000000100,46060,"Tucson, AZ  Metro Area",980263.000000000000000,1.000000000000000,-111.789969000000000,32.097442000000001
,154.000000000000000,5519.170000000000100,49740,"Yuma, AZ  Metro Area",195751.000000000000000,0.000000000000000,-113.905582999999990,32.769407000000001
,158.000000000000000,1841.309999999999900,30860,"Logan, UT-ID  Metro Area",125442.000000000000000,0.000000000000000,-111.768946000000000,41.889650000000003
,159.000000000000000,1904.220000000000000,36260,"Ogden-Clearfield, UT  Metro Area",547184.000000000000000,1.000000000000000,-111.870006000000000,41.119217999999996
,161.000000000000000,5546.970000000000300,39340,"Provo-Orem, UT  Metro Area",526810.000000000000000,1.000000000000000,-112.353230000000000,39.864106000000000
,162.000000000000000,2429.849999999999900,41100,"St. George, UT  Metro Area",138115.000000000000000,0.000000000000000,-113.504941000000000,37.280346999999999
,163.000000000000000,9975.739999999999800,41620,"Salt Lake City, UT  Metro Area",1124197.000000000000000,1.000000000000000,-112.620802000000000,40.546002999999999
,168.000000000000000,2688.579999999999900,17820,"Colorado Springs, CO  Metro Area",645613.000000000000000,1.000000000000000,-104.657940999999990,38.842500999999999
,171.000000000000000,2633.989999999999800,22660,"Fort Collins-Loveland, CO  Metro Area",299630.000000000000000,0.000000000000000,-105.461163000000000,40.666418999999998
,172.000000000000000,3341.139999999999900,24300,"Grand Junction, CO  Metro Area",146723.000000000000000,0.000000000000000,-108.466468000000010,39.018279999999997
,174.000000000000000,2397.739999999999800,39380,"Pueblo, CO  Metro Area",159063.000000000000000,0.000000000000000,-104.512861000000000,38.173414000000001
,177.000000000000000,5538.350000000000400,22140,"Farmington, NM  Metro Area",130044.000000000000000,0.000000000000000,-108.320595999999990,36.508470000000003
,181.000000000000000,9297.190000000000500,10740,"Albuquerque, NM  Metro Area",887077.000000000000000,1.000000000000000,-106.471616999999990,35.122360000000000
,186.000000000000000,3814.929999999999800,29740,"Las Cruces, NM  Metro Area",209233.000000000000000,0.000000000000000,-106.832794000000010,32.352634999999999
,191.000000000000000,1910.940000000000100,42140,"Santa Fe, NM  Metro Area",144170.000000000000000,0.000000000000000,-105.976130000000000,35.506858999999999
,193.000000000000000,1015.150000000000000,21340,"El Paso, TX  Metro Area",800647.000000000000000,1.000000000000000,-106.234846000000000,31.768595000000001
,194.000000000000000,3682.380000000000100,11100,"Amarillo, TX  Metro Area",249881.000000000000000,0.000000000000000,-101.626103000000000,35.185049999999997
,199.000000000000000,1802.420000000000100,31180,"Lubbock, TX  Metro Area",284890.000000000000000,0.000000000000000,-101.560114000000000,33.612409999999997
,206.000000000000000,1083.710000000000000,30020,"Lawton, OK  Metro Area",124098.000000000000000,0.000000000000000,-98.471650999999994,34.662123000000001
,207.000000000000000,5581.510000000000200,36420,"Oklahoma City, OK  Metro Area",1252987.000000000000000,1.000000000000000,-97.503890999999996,35.429884999999999
,212.000000000000000,2673.809999999999900,48660,"Wichita Falls, TX  Metro Area",151306.000000000000000,0.000000000000000,-98.491393000000002,33.774569000000000
,221.000000000000000,1422.329999999999900,30700,"Lincoln, NE  Metro Area",302157.000000000000000,0.000000000000000,-96.870813999999996,40.819918999999999
,225.000000000000000,2911.929999999999800,19780,"Des Moines-West Des Moines, IA  Metro Area",569633.000000000000000,1.000000000000000,-93.940408000000005,41.547815999999997
,228.000000000000000,1888.540000000000000,31740,"Manhattan, KS  Metro Area",127081.000000000000000,0.000000000000000,-96.559380000000004,39.271427000000003
,233.000000000000000,1674.050000000000000,41140,"St. Joseph, MO-KS  Metro Area",127329.000000000000000,0.000000000000000,-94.783663000000004,39.834316000000001
,236.000000000000000,4406.300000000000200,36540,"Omaha-Council Bluffs, NE-IA  Metro Area",865350.000000000000000,1.000000000000000,-95.998974000000004,41.290045999999997
,239.000000000000000,474.519999999999980,29940,"Lawrence, KS  Metro Area",110826.000000000000000,0.000000000000000,-95.292537999999993,38.884647000000001
,242.000000000000000,3290.070000000000200,45820,"Topeka, KS  Metro Area",233870.000000000000000,0.000000000000000,-95.803113999999994,39.043801000000002
,244.000000000000000,1267.880000000000100,27900,"Joplin, MO  Metro Area",175518.000000000000000,0.000000000000000,-94.339935999999994,37.056552000000003
,245.000000000000000,7950.300000000000200,28140,"Kansas City, MO-KS  Metro Area",2035334.000000000000000,1.000000000000000,-94.505195000000001,38.910266999999997
,248.000000000000000,573.649999999999980,11180,"Ames, IA  Metro Area",89542.000000000000000,0.000000000000000,-93.465057999999999,42.036195999999997
,251.000000000000000,1194.050000000000000,26980,"Iowa City, IA  Metro Area",152586.000000000000000,0.000000000000000,-91.649955000000006,41.511338000000002
,260.000000000000000,1161.480000000000000,17860,"Columbia, MO  Metro Area",172786.000000000000000,0.000000000000000,-92.466289000000003,39.052357999999998
,262.000000000000000,2278.659999999999900,27620,"Jefferson City, MO  Metro Area",149807.000000000000000,0.000000000000000,-92.091718000000000,38.639802000000003
,267.000000000000000,3020.889999999999900,44180,"Springfield, MO  Metro Area",436712.000000000000000,0.000000000000000,-93.177081000000001,37.361646999999998
,271.000000000000000,2133.110000000000100,17780,"College Station-Bryan, TX  Metro Area",228660.000000000000000,0.000000000000000,-96.488894000000002,30.756492999999999
,273.000000000000000,9284.260000000000200,19100,"Dallas-Fort Worth-Arlington, TX  Metro Area",6371773.000000000000000,1.000000000000000,-96.931353000000001,32.865754000000003
,275.000000000000000,1807.530000000000000,30980,"Longview, TX  Metro Area",214369.000000000000000,0.000000000000000,-94.829418000000004,32.371712000000002
,280.000000000000000,1560.470000000000000,45500,"Texarkana, TX-Texarkana, AR  Metro Area",136027.000000000000000,0.000000000000000,-94.206478000000004,33.391443000000002
,281.000000000000000,949.480000000000020,46340,"Tyler, TX  Metro Area",209714.000000000000000,0.000000000000000,-95.269239999999996,32.374991000000001
,282.000000000000000,3213.260000000000200,22220,"Fayetteville-Springdale-Rogers, AR-MO  Metro Area",463204.000000000000000,0.000000000000000,-94.121600999999998,36.196182000000000
,283.000000000000000,4092.880000000000100,22900,"Fort Smith, AR-OK  Metro Area",298592.000000000000000,0.000000000000000,-94.463498999999999,35.239387999999998
,289.000000000000000,6460.540000000000000,46140,"Tulsa, OK  Metro Area",937478.000000000000000,1.000000000000000,-96.166165000000007,36.250377000000000
,292.000000000000000,979.159999999999970,43300,"Sherman-Denison, TX  Metro Area",120877.000000000000000,0.000000000000000,-96.677661999999998,33.626891000000001
,298.000000000000000,734.600000000000020,26300,"Hot Springs, AR  Metro Area",96024.000000000000000,0.000000000000000,-93.150430999999998,34.576686000000002
,299.000000000000000,4198.470000000000300,30780,"Little Rock-North Little Rock-Conway, AR  Metro Area",699757.000000000000000,1.000000000000000,-92.397181000000003,34.757209000000003
,301.000000000000000,2084.639999999999900,38220,"Pine Bluff, AR  Metro Area",100258.000000000000000,0.000000000000000,-91.949928999999997,34.077272999999998
,310.000000000000000,1538.050000000000000,33740,"Monroe, LA  Metro Area",176441.000000000000000,0.000000000000000,-92.284413000000001,32.686838999999999
,313.000000000000000,2698.550000000000200,43340,"Shreveport-Bossier City, LA  Metro Area",398604.000000000000000,0.000000000000000,-93.745161999999993,32.438775999999997
,315.000000000000000,944.940000000000050,15180,"Brownsville-Harlingen, TX  Metro Area",406220.000000000000000,0.000000000000000,-97.533350999999996,26.127299000000001
,319.000000000000000,1582.700000000000000,32580,"McAllen-Edinburg-Mission, TX  Metro Area",774769.000000000000000,1.000000000000000,-98.181099000000003,26.396708000000000
,323.000000000000000,4279.790000000000000,12420,"Austin-Round Rock-San Marcos, TX  Metro Area",1716289.000000000000000,1.000000000000000,-97.654399999999995,30.262594000000000
,325.000000000000000,1790.970000000000000,18580,"Corpus Christi, TX  Metro Area",428185.000000000000000,0.000000000000000,-97.500291000000004,27.893139000000001
,328.000000000000000,3375.610000000000100,29700,"Laredo, TX  Metro Area",250304.000000000000000,0.000000000000000,-99.331567000000007,27.761060000000001
,329.000000000000000,7384.750000000000000,41700,"San Antonio-New Braunfels, TX  Metro Area",2142508.000000000000000,1.000000000000000,-98.602258000000006,29.427261999999999
,331.000000000000000,2280.909999999999900,47020,"Victoria, TX  Metro Area",115384.000000000000000,0.000000000000000,-97.067971000000000,28.673107999999999
,335.000000000000000,1086.819999999999900,29180,"Lafayette, LA  Metro Area",273738.000000000000000,0.000000000000000,-91.721703000000005,30.148281000000001
,336.000000000000000,2735.579999999999900,29340,"Lake Charles, LA  Metro Area",199607.000000000000000,0.000000000000000,-93.259120999999993,30.017035000000000
,340.000000000000000,2264.599999999999900,13140,"Beaumont-Port Arthur, TX  Metro Area",388745.000000000000000,0.000000000000000,-94.208106999999998,30.101700000000001
,343.000000000000000,9194.409999999999900,26420,"Houston-Sugar Land-Baytown, TX  Metro Area",5946800.000000000000000,1.000000000000000,-95.386070000000004,29.843682999999999
,348.000000000000000,6266.949999999999800,39660,"Rapid City, SD  Metro Area",126382.000000000000000,0.000000000000000,-102.764154000000000,44.317948999999999
,350.000000000000000,5375.720000000000300,16220,"Casper, WY  Metro Area",75450.000000000000000,0.000000000000000,-106.798499000000010,42.962243000000001
,355.000000000000000,3006.130000000000100,26820,"Idaho Falls, ID  Metro Area",130374.000000000000000,0.000000000000000,-111.872179000000000,43.547482000000002
,356.000000000000000,2590.170000000000100,38540,"Pocatello, ID  Metro Area",90656.000000000000000,0.000000000000000,-112.567824000000000,42.682538999999998
,358.000000000000000,4711.079999999999900,13740,"Billings, MT  Metro Area",158050.000000000000000,0.000000000000000,-108.602069000000000,45.628681999999998
,361.000000000000000,2711.449999999999800,24500,"Great Falls, MT  Metro Area",81327.000000000000000,0.000000000000000,-111.347178000000000,47.308019000000002
,363.000000000000000,2618.219999999999800,33540,"Missoula, MT  Metro Area",109299.000000000000000,0.000000000000000,-113.923698000000000,47.036487999999999
,369.000000000000000,8950.139999999999400,20260,"Duluth, MN-WI  Metro Area",279771.000000000000000,0.000000000000000,-92.409216000000001,47.334026000000001
,371.000000000000000,6363.029999999999700,33460,"Minneapolis-St. Paul-Bloomington, MN-WI  Metro Area",3279833.000000000000000,1.000000000000000,-93.203311999999997,45.066547999999997
,372.000000000000000,1803.150000000000100,41060,"St. Cloud, MN  Metro Area",189093.000000000000000,0.000000000000000,-94.472014000000001,45.585904999999997
,374.000000000000000,3437.570000000000200,24220,"Grand Forks, ND-MN  Metro Area",98461.000000000000000,0.000000000000000,-96.844508000000005,47.835979000000002
,378.000000000000000,3613.449999999999800,13900,"Bismarck, ND  Metro Area",108779.000000000000000,0.000000000000000,-100.905103000000000,46.837006000000002
,379.000000000000000,2820.590000000000100,22020,"Fargo, ND-MN  Metro Area",208777.000000000000000,0.000000000000000,-96.965501000000003,46.917819000000001
,385.000000000000000,2586.239999999999800,43620,"Sioux Falls, SD  Metro Area",228261.000000000000000,0.000000000000000,-96.990041000000005,43.499713000000000
,390.000000000000000,2094.790000000000000,43580,"Sioux City, IA-NE-SD  Metro Area",143577.000000000000000,0.000000000000000,-96.437593000000007,42.512940999999998
,396.000000000000000,1232.490000000000000,31860,"Mankato-North Mankato, MN  Metro Area",96740.000000000000000,0.000000000000000,-94.135609000000002,44.154417000000002
,401.000000000000000,2020.000000000000000,16300,"Cedar Rapids, IA  Metro Area",257940.000000000000000,0.000000000000000,-91.631349999999998,42.091439999999999
,403.000000000000000,1514.099999999999900,47940,"Waterloo-Cedar Falls, IA  Metro Area",167819.000000000000000,0.000000000000000,-92.471159000000000,42.536271999999997
,409.000000000000000,1643.880000000000100,40340,"Rochester, MN  Metro Area",186011.000000000000000,0.000000000000000,-92.467206000000004,44.102871999999998
,411.000000000000000,1686.589999999999900,20740,"Eau Claire, WI  Metro Area",161151.000000000000000,0.000000000000000,-91.282245000000003,44.938808000000002
,412.000000000000000,1048.730000000000000,29100,"La Crosse, WI-MN  Metro Area",133665.000000000000000,0.000000000000000,-91.319676000000001,43.779260000000001
,415.000000000000000,1572.960000000000000,15380,"Buffalo-Niagara Falls, NY  Metro Area",1135509.000000000000000,1.000000000000000,-78.734697999999995,42.909787000000001
,417.000000000000000,410.870000000000000,21300,"Elmira, NY  Metro Area",88830.000000000000000,0.000000000000000,-76.760042999999996,42.141216000000000
,420.000000000000000,2968.920000000000100,40380,"Rochester, NY  Metro Area",1054323.000000000000000,1.000000000000000,-77.559449999999998,43.007204999999999
,422.000000000000000,801.200000000000050,40420,"Rockford, IL  Metro Area",349431.000000000000000,0.000000000000000,-89.042079999999999,42.331625000000003
,429.000000000000000,726.149999999999980,27500,"Janesville, WI  Metro Area",160331.000000000000000,0.000000000000000,-89.071563999999995,42.671216000000001
,436.000000000000000,616.600000000000020,20220,"Dubuque, IA  Metro Area",93653.000000000000000,0.000000000000000,-90.882444000000007,42.468831000000002
,437.000000000000000,1041.589999999999900,11540,"Appleton, WI  Metro Area",225666.000000000000000,0.000000000000000,-88.371133999999998,44.289043999999997
,439.000000000000000,765.840000000000030,22540,"Fond du Lac, WI  Metro Area",101633.000000000000000,0.000000000000000,-88.488253000000000,43.753577999999997
,440.000000000000000,2802.260000000000200,31540,"Madison, WI  Metro Area",568593.000000000000000,1.000000000000000,-89.590222999999995,43.162995000000002
,442.000000000000000,578.700000000000050,36780,"Oshkosh-Neenah, WI  Metro Area",166994.000000000000000,0.000000000000000,-88.644578999999993,44.068845000000003
,445.000000000000000,1576.390000000000100,48140,"Wausau, WI  Metro Area",134063.000000000000000,0.000000000000000,-89.759057999999996,44.898299999999999
,449.000000000000000,2890.900000000000100,24340,"Grand Rapids-Wyoming, MI  Metro Area",774160.000000000000000,1.000000000000000,-85.482196000000002,43.084921999999999
,450.000000000000000,576.789999999999960,26100,"Holland-Grand Haven, MI  Metro Area",263801.000000000000000,0.000000000000000,-85.995919000000001,42.959871000000000
,451.000000000000000,1203.520000000000000,28020,"Kalamazoo-Portage, MI  Metro Area",326589.000000000000000,0.000000000000000,-85.783755999999997,42.248469000000000
,452.000000000000000,527.480000000000020,34740,"Muskegon-Norton Shores, MI  Metro Area",172188.000000000000000,0.000000000000000,-86.152044000000004,43.291210999999997
,453.000000000000000,1896.569999999999900,24580,"Green Bay, WI  Metro Area",306241.000000000000000,0.000000000000000,-88.076583999999997,44.772950000000002
,455.000000000000000,1494.579999999999900,33340,"Milwaukee-Waukesha-West Allis, WI  Metro Area",1555908.000000000000000,1.000000000000000,-88.172306000000006,43.176658000000003
,456.000000000000000,340.540000000000020,39540,"Racine, WI  Metro Area",195408.000000000000000,0.000000000000000,-88.061132999999998,42.747455000000002
,457.000000000000000,517.409999999999970,43100,"Sheboygan, WI  Metro Area",115507.000000000000000,0.000000000000000,-87.945397000000000,43.721153999999999
,460.000000000000000,722.330000000000040,11460,"Ann Arbor, MI  Metro Area",344791.000000000000000,0.000000000000000,-83.838668999999996,42.253267000000001
,461.000000000000000,718.360000000000010,12980,"Battle Creek, MI  Metro Area",136146.000000000000000,0.000000000000000,-85.005526000000003,42.246523000000003
,462.000000000000000,448.069999999999990,13020,"Bay City, MI  Metro Area",107771.000000000000000,0.000000000000000,-83.992165999999997,43.707253000000001
,463.000000000000000,3980.820000000000200,19820,"Detroit-Warren-Livonia, MI  Metro Area",4296250.000000000000000,1.000000000000000,-83.236900000000006,42.721905999999997
,464.000000000000000,649.470000000000030,22420,"Flint, MI  Metro Area",425790.000000000000000,0.000000000000000,-83.706755000000001,43.021714000000003
,465.000000000000000,723.620000000000000,27100,"Jackson, MI  Metro Area",160248.000000000000000,0.000000000000000,-84.423409000000007,42.248471000000002
,466.000000000000000,1714.630000000000100,29620,"Lansing-East Lansing, MI  Metro Area",464036.000000000000000,0.000000000000000,-84.606955999999997,42.713307000000000
,470.000000000000000,815.889999999999990,40980,"Saginaw-Saginaw Township North, MI  Metro Area",200169.000000000000000,0.000000000000000,-84.053143000000006,43.335011999999999
,472.000000000000000,2878.340000000000100,10580,"Albany-Schenectady-Troy, NY  Metro Area",870716.000000000000000,1.000000000000000,-73.941995000000006,42.788544000000002
,475.000000000000000,1238.359999999999900,13780,"Binghamton, NY  Metro Area",251725.000000000000000,0.000000000000000,-76.025116999999995,42.164479999999998
,477.000000000000000,1777.619999999999900,24020,"Glens Falls, NY  Metro Area",128923.000000000000000,0.000000000000000,-73.648752999999999,43.443534999999997
,479.000000000000000,491.509999999999990,27060,"Ithaca, NY  Metro Area",101564.000000000000000,0.000000000000000,-76.473656000000005,42.451996999999999
,483.000000000000000,2481.500000000000000,45060,"Syracuse, NY  Metro Area",662577.000000000000000,1.000000000000000,-76.033325000000005,43.153694999999999
,484.000000000000000,2715.949999999999800,46540,"Utica-Rome, NY  Metro Area",299397.000000000000000,0.000000000000000,-75.181330000000003,43.337423000000001
,487.000000000000000,3556.230000000000000,12620,"Bangor, ME  Metro Area",153923.000000000000000,0.000000000000000,-68.649390999999994,45.400537000000000
,488.000000000000000,497.170000000000020,30340,"Lewiston-Auburn, ME  Metro Area",107702.000000000000000,0.000000000000000,-70.206394000000003,44.165849000000001
,489.000000000000000,2226.860000000000100,38860,"Portland-South Portland-Biddeford, ME  Metro Area",514098.000000000000000,0.000000000000000,-70.477717999999996,43.695982999999998
,491.000000000000000,3618.349999999999900,14460,"Boston-Cambridge-Quincy, MA-NH  Metro Area",4552402.000000000000000,1.000000000000000,-71.104346000000007,42.557926000000002
,492.000000000000000,1579.160000000000100,49340,"Worcester, MA  Metro Area",798552.000000000000000,1.000000000000000,-71.907734000000005,42.351399999999998
,496.000000000000000,892.309999999999950,31700,"Manchester-Nashua, NH  Metro Area",400721.000000000000000,0.000000000000000,-71.716093999999998,42.915297000000002
,497.000000000000000,946.309999999999950,38340,"Pittsfield, MA  Metro Area",131219.000000000000000,0.000000000000000,-73.206432000000007,42.370677999999998
,498.000000000000000,1904.190000000000100,44140,"Springfield, MA  Metro Area",692942.000000000000000,1.000000000000000,-72.625664000000000,42.364859000000003
,505.000000000000000,1506.290000000000000,15540,"Burlington-South Burlington, VT  Metro Area",211261.000000000000000,0.000000000000000,-73.030782000000002,44.687212000000002
,508.000000000000000,1324.589999999999900,23540,"Gainesville, FL  Metro Area",264275.000000000000000,0.000000000000000,-82.476491999999993,29.688540000000000
,511.000000000000000,778.750000000000000,37460,"Panama City-Lynn Haven-Panama City Beach, FL  Metro Area",168852.000000000000000,0.000000000000000,-85.615264999999994,30.279565999999999
,512.000000000000000,2459.880000000000100,45220,"Tallahassee, FL  Metro Area",367413.000000000000000,0.000000000000000,-84.286033000000003,30.406962000000000
,513.000000000000000,2618.869999999999900,45300,"Tampa-St. Petersburg-Clearwater, FL  Metro Area",2783243.000000000000000,1.000000000000000,-82.399345999999994,28.157423000000001
,514.000000000000000,855.690000000000050,14540,"Bowling Green, KY  Metro Area",125953.000000000000000,0.000000000000000,-86.357018999999994,37.071156000000002
,516.000000000000000,893.720000000000030,21060,"Elizabethtown, KY  Metro Area",119736.000000000000000,0.000000000000000,-85.885238999999999,37.653115000000000
,518.000000000000000,2656.440000000000100,26380,"Houma-Bayou Cane-Thibodaux, LA  Metro Area",208178.000000000000000,0.000000000000000,-90.679208000000003,29.486701000000000
,519.000000000000000,4243.369999999999900,35380,"New Orleans-Metairie-Kenner, LA  Metro Area",1167764.000000000000000,1.000000000000000,-89.948261000000002,29.950491000000000
,521.000000000000000,1208.660000000000100,19660,"Deltona-Daytona Beach-Ormond Beach, FL  Metro Area",494593.000000000000000,0.000000000000000,-81.195781999999994,29.061423000000001
,522.000000000000000,3408.139999999999900,27260,"Jacksonville, FL  Metro Area",1345596.000000000000000,1.000000000000000,-81.794456999999994,30.237583000000001
,523.000000000000000,2011.240000000000000,29460,"Lakeland-Winter Haven, FL  Metro Area",602095.000000000000000,1.000000000000000,-81.697547999999998,27.948910999999999
,524.000000000000000,1662.990000000000000,36100,"Ocala, FL  Metro Area",331298.000000000000000,0.000000000000000,-82.056813000000005,29.210208999999999
,525.000000000000000,4010.570000000000200,36740,"Orlando-Kissimmee-Sanford, FL  Metro Area",2134411.000000000000000,1.000000000000000,-81.363065000000006,28.434456999999998
,527.000000000000000,1056.020000000000000,37340,"Palm Bay-Melbourne-Titusville, FL  Metro Area",543376.000000000000000,1.000000000000000,-80.743803000000000,28.264025000000000
,528.000000000000000,507.569999999999990,37380,"Palm Coast, FL  Metro Area",95696.000000000000000,0.000000000000000,-81.313596000000004,29.461378000000000
,529.000000000000000,513.019999999999980,42680,"Sebastian-Vero Beach, FL  Metro Area",138028.000000000000000,0.000000000000000,-80.616641000000001,27.692688000000000
,532.000000000000000,1342.619999999999900,35840,"North Port-Bradenton-Sarasota, FL  Metro Area",702281.000000000000000,1.000000000000000,-82.310649999999995,27.346409999999999
,533.000000000000000,810.769999999999980,15980,"Cape Coral-Fort Myers, FL  Metro Area",618754.000000000000000,1.000000000000000,-81.818484999999995,26.578921999999999
,536.000000000000000,5425.670000000000100,33100,"Miami-Fort Lauderdale-Pompano Beach, FL  Metro Area",5564635.000000000000000,1.000000000000000,-80.508803999999998,26.158964000000001
,537.000000000000000,2029.319999999999900,34940,"Naples-Marco Island, FL  Metro Area",321520.000000000000000,0.000000000000000,-81.339996999999997,26.119202000000001
,539.000000000000000,1233.530000000000000,38940,"Port St. Lucie, FL  Metro Area",424107.000000000000000,0.000000000000000,-80.459126999999995,27.215074999999999
,540.000000000000000,716.059999999999950,39460,"Punta Gorda, FL  Metro Area",159978.000000000000000,0.000000000000000,-81.898498000000004,26.908169999999998
,544.000000000000000,612.320000000000050,11500,"Anniston-Oxford, AL  Metro Area",118572.000000000000000,0.000000000000000,-85.826054999999997,33.771436000000001
,545.000000000000000,1728.829999999999900,20020,"Dothan, AL  Metro Area",145639.000000000000000,0.000000000000000,-85.461769000000004,31.252894999999999
,549.000000000000000,548.740000000000010,23460,"Gadsden, AL  Metro Area",104430.000000000000000,0.000000000000000,-86.034818999999999,34.045268000000000
,553.000000000000000,939.450000000000050,18880,"Crestview-Fort Walton Beach-Destin, FL  Metro Area",180822.000000000000000,0.000000000000000,-86.596284999999995,30.706575000000001
,564.000000000000000,847.370000000000000,27180,"Jackson, TN  Metro Area",115425.000000000000000,0.000000000000000,-88.761719999999997,35.544502000000001
,569.000000000000000,1516.960000000000000,25060,"Gulfport-Biloxi, MS  Metro Area",248820.000000000000000,0.000000000000000,-89.235562999999999,30.564572999999999
,570.000000000000000,1620.880000000000100,25620,"Hattiesburg, MS  Metro Area",142842.000000000000000,0.000000000000000,-89.228810999999993,31.187365000000000
,571.000000000000000,3795.290000000000000,27140,"Jackson, MS  Metro Area",539057.000000000000000,1.000000000000000,-90.176901999999998,32.202264000000000
,575.000000000000000,1222.140000000000100,37700,"Pascagoula, MS  Metro Area",162246.000000000000000,0.000000000000000,-88.639201000000000,30.671181000000001
,582.000000000000000,1476.210000000000000,27860,"Jonesboro, AR  Metro Area",121026.000000000000000,0.000000000000000,-90.648392000000001,35.698191000000001
,589.000000000000000,4699.550000000000200,32820,"Memphis, TN-MS-AR  Metro Area",1316100.000000000000000,1.000000000000000,-89.869625999999997,35.024203999999997
,590.000000000000000,5369.550000000000200,13820,"Birmingham-Hoover, AL  Metro Area",1128047.000000000000000,1.000000000000000,-86.813901000000001,33.463830999999999
,592.000000000000000,1317.290000000000000,19460,"Decatur, AL  Metro Area",153829.000000000000000,0.000000000000000,-87.102823999999998,34.490853000000001
,593.000000000000000,1342.119999999999900,22520,"Florence-Muscle Shoals, AL  Metro Area",147137.000000000000000,0.000000000000000,-87.724288999999999,34.808233000000001
,594.000000000000000,1419.819999999999900,26620,"Huntsville, AL  Metro Area",417593.000000000000000,0.000000000000000,-86.734650000000002,34.783191000000002
,595.000000000000000,2138.030000000000200,16860,"Chattanooga, TN-GA  Metro Area",528143.000000000000000,1.000000000000000,-85.359131000000005,35.051945000000003
,601.000000000000000,5762.350000000000400,34980,"Nashville-Davidson--Murfreesboro--Franklin, TN  Metro Area",1589934.000000000000000,1.000000000000000,-86.687008000000006,36.139220999999999
,605.000000000000000,615.929999999999950,12220,"Auburn-Opelika, AL  Metro Area",140247.000000000000000,0.000000000000000,-85.355441999999996,32.601190000000003
,607.000000000000000,1256.420000000000100,33660,"Mobile, AL  Metro Area",412992.000000000000000,0.000000000000000,-88.206496999999999,30.790369999999999
,608.000000000000000,2786.000000000000000,33860,"Montgomery, AL  Metro Area",374536.000000000000000,0.000000000000000,-86.403182999999999,32.360604000000002
,610.000000000000000,2667.699999999999800,46220,"Tuscaloosa, AL  Metro Area",219461.000000000000000,0.000000000000000,-87.656015999999994,33.052590000000002
,613.000000000000000,1692.960000000000000,37860,"Pensacola-Ferry Pass-Brent, FL  Metro Area",448991.000000000000000,0.000000000000000,-87.159173999999993,30.719764000000001
,614.000000000000000,1186.250000000000000,14060,"Bloomington-Normal, IL  Metro Area",169572.000000000000000,0.000000000000000,-88.847312000000002,40.490881999999999
,615.000000000000000,1924.119999999999900,16580,"Champaign-Urbana, IL  Metro Area",231891.000000000000000,0.000000000000000,-88.294522000000001,40.226722000000002
,617.000000000000000,585.870000000000000,19500,"Decatur, IL  Metro Area",110768.000000000000000,0.000000000000000,-88.961583000000005,39.860011999999998
,619.000000000000000,1192.510000000000000,44100,"Springfield, IL  Metro Area",210170.000000000000000,0.000000000000000,-89.696911000000000,39.829597999999997
,634.000000000000000,1460.150000000000100,16020,"Cape Girardeau-Jackson, MO-IL  Metro Area",96275.000000000000000,0.000000000000000,-89.769863000000001,37.324494999999999
,638.000000000000000,8843.819999999999700,41180,"St. Louis, MO-IL  Metro Area",2812896.000000000000000,1.000000000000000,-90.395184000000000,38.669207000000000
,640.000000000000000,2314.099999999999900,19340,"Davenport-Moline-Rock Island, IA-IL  Metro Area",379690.000000000000000,0.000000000000000,-90.465952000000001,41.396877000000003
,646.000000000000000,2518.040000000000000,37900,"Peoria, IL  Metro Area",379186.000000000000000,0.000000000000000,-89.515910000000005,40.789150999999997
,651.000000000000000,7303.810000000000400,16980,"Chicago-Joliet-Naperville, IL-IN-WI  Metro Area",9461105.000000000000000,1.000000000000000,-87.962885999999997,41.702688999999999
,652.000000000000000,901.429999999999950,19180,"Danville, IL  Metro Area",81625.000000000000000,0.000000000000000,-87.732833999999997,40.183489000000002
,653.000000000000000,681.409999999999970,28100,"Kankakee-Bradley, IL  Metro Area",113449.000000000000000,0.000000000000000,-87.861812000000000,41.137706999999999
,654.000000000000000,1345.079999999999900,14020,"Bloomington, IN  Metro Area",192714.000000000000000,0.000000000000000,-86.791859000000002,39.154341000000002
,656.000000000000000,1284.760000000000000,29140,"Lafayette, IN  Metro Area",201789.000000000000000,0.000000000000000,-86.929514999999995,40.514299999999999
,657.000000000000000,1484.630000000000100,45460,"Terre Haute, IN  Metro Area",172425.000000000000000,0.000000000000000,-87.343936999999997,39.391914000000000
,658.000000000000000,467.949999999999990,21140,"Elkhart-Goshen, IN  Metro Area",197559.000000000000000,0.000000000000000,-85.858733000000001,41.597386999999998
,662.000000000000000,603.779999999999970,33140,"Michigan City-La Porte, IN  Metro Area",111467.000000000000000,0.000000000000000,-86.739970999999997,41.545993000000003
,665.000000000000000,969.549999999999950,43780,"South Bend-Mishawaka, IN-MI  Metro Area",319224.000000000000000,0.000000000000000,-86.134144000000006,41.773620000000001
,668.000000000000000,579.769999999999980,35660,"Niles-Benton Harbor, MI  Metro Area",156813.000000000000000,0.000000000000000,-86.412132999999997,41.954627000000002
,670.000000000000000,452.940000000000000,11300,"Anderson, IN  Metro Area",131636.000000000000000,0.000000000000000,-85.719345000000004,40.161651999999997
,671.000000000000000,409.519999999999980,18020,"Columbus, IN  Metro Area",76794.000000000000000,0.000000000000000,-85.897632000000002,39.205924000000003
,674.000000000000000,3887.710000000000000,26900,"Indianapolis-Carmel, IN  Metro Area",1756241.000000000000000,1.000000000000000,-86.263214000000005,39.698855000000002
,675.000000000000000,554.470000000000030,29020,"Kokomo, IN  Metro Area",98688.000000000000000,0.000000000000000,-86.086403000000004,40.402754999999999
,677.000000000000000,395.920000000000020,34620,"Muncie, IN  Metro Area",117671.000000000000000,0.000000000000000,-85.396891999999994,40.227525999999997
,680.000000000000000,2347.849999999999900,21780,"Evansville, IN-KY  Metro Area",358676.000000000000000,0.000000000000000,-87.595003000000005,37.979514999999999
,689.000000000000000,4196.319999999999700,31140,"Louisville/Jefferson County, KY-IN  Metro Area",1283566.000000000000000,1.000000000000000,-85.688758000000007,38.238920999999998
,691.000000000000000,931.850000000000020,36980,"Owensboro, KY  Metro Area",114752.000000000000000,0.000000000000000,-87.069429999999997,37.699620000000003
,692.000000000000000,2242.230000000000000,17300,"Clarksville, TN-KY  Metro Area",273949.000000000000000,0.000000000000000,-87.623058000000000,36.692925000000002
,696.000000000000000,1368.240000000000000,23060,"Fort Wayne, IN  Metro Area",416257.000000000000000,0.000000000000000,-85.216768999999999,41.005389999999998
,701.000000000000000,406.750000000000000,30620,"Lima, OH  Metro Area",106331.000000000000000,0.000000000000000,-84.105750999999998,40.771518999999998
,703.000000000000000,2047.210000000000000,28700,"Kingsport-Bristol-Bristol, TN-VA  Metro Area",309544.000000000000000,0.000000000000000,-82.442584999999994,36.607743999999997
,707.000000000000000,1483.910000000000100,30460,"Lexington-Fayette, KY  Metro Area",472099.000000000000000,0.000000000000000,-84.433054999999996,38.090463000000000
,713.000000000000000,4465.810000000000400,17140,"Cincinnati-Middletown, OH-KY-IN  Metro Area",2130151.000000000000000,1.000000000000000,-84.464613999999997,39.081110000000002
,716.000000000000000,1773.809999999999900,26580,"Huntington-Ashland, WV-KY-OH  Metro Area",287702.000000000000000,0.000000000000000,-82.548246000000006,38.407015000000001
,720.000000000000000,1716.369999999999900,19380,"Dayton, OH  Metro Area",841502.000000000000000,1.000000000000000,-84.267583999999999,39.807631999999998
,724.000000000000000,555.139999999999990,33780,"Monroe, MI  Metro Area",152021.000000000000000,0.000000000000000,-83.540773000000002,41.929619000000002
,728.000000000000000,500.240000000000010,31900,"Mansfield, OH  Metro Area",124475.000000000000000,0.000000000000000,-82.536468999999997,40.774738999999997
,730.000000000000000,256.139999999999990,41780,"Sandusky, OH  Metro Area",77079.000000000000000,0.000000000000000,-82.619536999999994,41.363979000000000
,732.000000000000000,1637.990000000000000,45780,"Toledo, OH  Metro Area",651429.000000000000000,1.000000000000000,-83.680035000000004,41.504483000000000
,735.000000000000000,4013.809999999999900,18140,"Columbus, OH  Metro Area",1836536.000000000000000,1.000000000000000,-82.935531999999995,40.041091999999999
,738.000000000000000,403.230000000000020,44220,"Springfield, OH  Metro Area",138333.000000000000000,0.000000000000000,-83.783585000000002,39.916786999999999
,742.000000000000000,925.740000000000010,10420,"Akron, OH  Metro Area",703200.000000000000000,1.000000000000000,-81.348965000000007,41.148696000000001
,746.000000000000000,979.450000000000050,15940,"Canton-Massillon, OH  Metro Area",404422.000000000000000,0.000000000000000,-81.253523000000001,40.718626000000000
,747.000000000000000,2016.490000000000000,17460,"Cleveland-Elyria-Mentor, OH  Metro Area",2077240.000000000000000,1.000000000000000,-81.683888999999994,41.375273999999997
,752.000000000000000,1386.520000000000000,37620,"Parkersburg-Marietta-Vienna, WV-OH  Metro Area",162056.000000000000000,0.000000000000000,-81.448480000000004,39.307761999999997
,755.000000000000000,1742.869999999999900,49660,"Youngstown-Warren-Boardman, OH-PA  Metro Area",565773.000000000000000,1.000000000000000,-80.567318999999998,41.237890999999998
,756.000000000000000,803.799999999999950,21500,"Erie, PA  Metro Area",280566.000000000000000,0.000000000000000,-80.032118999999994,41.991639999999997
,762.000000000000000,1089.550000000000000,13980,"Blacksburg-Christiansburg-Radford, VA  Metro Area",162958.000000000000000,0.000000000000000,-80.592387000000002,37.186588999999998
,764.000000000000000,1896.790000000000000,40220,"Roanoke, VA  Metro Area",308707.000000000000000,0.000000000000000,-79.946916000000002,37.286150999999997
,767.000000000000000,2546.960000000000000,16620,"Charleston, WV  Metro Area",304284.000000000000000,0.000000000000000,-81.648663999999997,38.287903000000000
,774.000000000000000,1628.950000000000000,46660,"Valdosta, GA  Metro Area",139588.000000000000000,0.000000000000000,-83.241620999999995,30.829480000000000
,775.000000000000000,2041.089999999999900,11700,"Asheville, NC  Metro Area",424858.000000000000000,0.000000000000000,-82.682705999999996,35.600630000000002
,778.000000000000000,792.169999999999960,34100,"Morristown, TN  Metro Area",136608.000000000000000,0.000000000000000,-83.430661000000001,36.173976000000003
,781.000000000000000,1958.130000000000100,10500,"Albany, GA  Metro Area",157308.000000000000000,0.000000000000000,-84.173935000000000,31.589511999999999
,784.000000000000000,1959.700000000000000,17980,"Columbus, GA-AL  Metro Area",294865.000000000000000,0.000000000000000,-84.908727999999996,32.441437000000001
,788.000000000000000,1737.450000000000000,31420,"Macon, GA  Metro Area",232293.000000000000000,0.000000000000000,-83.714931000000007,32.857717999999998
,793.000000000000000,380.149999999999980,47580,"Warner Robins, GA  Metro Area",139900.000000000000000,0.000000000000000,-83.666238000000007,32.459144999999999
,794.000000000000000,8480.219999999999300,12060,"Atlanta-Sandy Springs-Marietta, GA  Metro Area",5268860.000000000000000,1.000000000000000,-84.437486000000007,33.697026999999999
,797.000000000000000,637.440000000000050,19140,"Dalton, GA  Metro Area",142227.000000000000000,0.000000000000000,-84.848043000000004,34.796261999999999
,798.000000000000000,518.450000000000050,40660,"Rome, GA  Metro Area",96317.000000000000000,0.000000000000000,-85.214258999999998,34.263176999999999
,800.000000000000000,773.809999999999950,17420,"Cleveland, TN  Metro Area",115788.000000000000000,0.000000000000000,-84.667398000000006,35.134540000000001
,803.000000000000000,1931.819999999999900,28940,"Knoxville, TN  Metro Area",698030.000000000000000,1.000000000000000,-84.015513999999996,35.931023000000003
,804.000000000000000,1035.339999999999900,12020,"Athens-Clarke County, GA  Metro Area",192541.000000000000000,0.000000000000000,-83.213723999999999,33.949075999999998
,806.000000000000000,429.120000000000000,23580,"Gainesville, GA  Metro Area",179684.000000000000000,0.000000000000000,-83.819676000000001,34.316885999999997
,808.000000000000000,757.389999999999990,11340,"Anderson, SC  Metro Area",187126.000000000000000,0.000000000000000,-82.637863999999993,34.519081999999997
,810.000000000000000,3324.469999999999800,12260,"Augusta-Richmond County, GA-SC  Metro Area",556877.000000000000000,1.000000000000000,-81.946574999999996,33.435181000000000
,813.000000000000000,3833.760000000000200,17900,"Columbia, SC  Metro Area",767598.000000000000000,1.000000000000000,-81.042455000000004,34.091737000000002
,814.000000000000000,1370.500000000000000,22500,"Florence, SC  Metro Area",205566.000000000000000,0.000000000000000,-79.808440000000004,34.152011999999999
,815.000000000000000,2030.390000000000100,24860,"Greenville-Mauldin-Easley, SC  Metro Area",636986.000000000000000,1.000000000000000,-82.330680000000001,34.746662000000001
,820.000000000000000,682.000000000000000,44940,"Sumter, SC  Metro Area",107456.000000000000000,0.000000000000000,-80.382294999999999,33.916198999999999
,824.000000000000000,1665.559999999999900,25860,"Hickory-Lenoir-Morganton, NC  Metro Area",365497.000000000000000,0.000000000000000,-81.454668999999996,35.813164999999998
,829.000000000000000,819.299999999999950,43900,"Spartanburg, SC  Metro Area",284307.000000000000000,0.000000000000000,-81.990679000000000,34.931246000000002
,830.000000000000000,863.970000000000030,27740,"Johnson City, TN  Metro Area",198716.000000000000000,0.000000000000000,-82.334439000000003,36.253748999999999
,832.000000000000000,3147.000000000000000,16740,"Charlotte-Gastonia-Rock Hill, NC-SC  Metro Area",1758038.000000000000000,1.000000000000000,-80.732258999999999,35.109605999999999
,833.000000000000000,2019.859999999999900,24660,"Greensboro-High Point, NC  Metro Area",723801.000000000000000,1.000000000000000,-79.791672000000005,36.025787999999999
,838.000000000000000,1473.050000000000000,49180,"Winston-Salem, NC  Metro Area",477717.000000000000000,0.000000000000000,-80.396855000000002,36.185206999999998
,839.000000000000000,1346.869999999999900,15260,"Brunswick, GA  Metro Area",112370.000000000000000,0.000000000000000,-81.646180000000001,31.312408000000001
,840.000000000000000,940.889999999999990,25980,"Hinesville-Fort Stewart, GA  Metro Area",77917.000000000000000,0.000000000000000,-81.603621000000004,31.796285999999998
,843.000000000000000,1410.700000000000000,42340,"Savannah, GA  Metro Area",347611.000000000000000,0.000000000000000,-81.304299000000000,32.134244000000002
,846.000000000000000,2791.190000000000100,16700,"Charleston-North Charleston-Summerville, SC  Metro Area",664607.000000000000000,1.000000000000000,-80.050172000000003,33.044136000000002
,849.000000000000000,1019.010000000000000,25180,"Hagerstown-Martinsburg, MD-WV  Metro Area",269140.000000000000000,0.000000000000000,-77.981386000000001,39.549906999999997
,852.000000000000000,1664.400000000000100,25420,"Harrisburg-Carlisle, PA  Metro Area",549475.000000000000000,1.000000000000000,-77.101186999999996,40.326611999999997
,858.000000000000000,1111.990000000000000,44300,"State College, PA  Metro Area",153990.000000000000000,0.000000000000000,-77.819663000000006,40.919085000000003
,860.000000000000000,1243.710000000000000,48700,"Williamsport, PA  Metro Area",116111.000000000000000,0.000000000000000,-77.064476999999997,41.343285999999999
,861.000000000000000,910.309999999999950,49620,"York-Hanover, PA  Metro Area",434972.000000000000000,0.000000000000000,-76.726529999999997,39.919916999999998
,862.000000000000000,556.669999999999960,24140,"Goldsboro, NC  Metro Area",122623.000000000000000,0.000000000000000,-78.004043999999993,35.363798000000003
,863.000000000000000,920.740000000000010,24780,"Greenville, NC  Metro Area",189510.000000000000000,0.000000000000000,-77.461449000000002,35.562254000000003
,869.000000000000000,1049.339999999999900,40580,"Rocky Mount, NC  Metro Area",152392.000000000000000,0.000000000000000,-77.798609999999996,35.940987000000000
,872.000000000000000,434.949999999999990,15500,"Burlington, NC  Metro Area",151131.000000000000000,0.000000000000000,-79.399435999999994,36.043995000000002
,874.000000000000000,1812.059999999999900,20500,"Durham-Chapel Hill, NC  Metro Area",504357.000000000000000,0.000000000000000,-79.099565999999996,35.991045999999997
,875.000000000000000,1050.900000000000100,22180,"Fayetteville, NC  Metro Area",366383.000000000000000,0.000000000000000,-78.980249000000001,35.036912999999998
,876.000000000000000,763.480000000000020,27340,"Jacksonville, NC  Metro Area",177772.000000000000000,0.000000000000000,-77.435963000000001,34.738174999999998
,879.000000000000000,2147.420000000000100,39580,"Raleigh-Cary, NC  Metro Area",1130490.000000000000000,1.000000000000000,-78.460851000000005,35.757095999999997
,882.000000000000000,1940.369999999999900,48900,"Wilmington, NC  Metro Area",362315.000000000000000,0.000000000000000,-78.055226000000005,34.295768000000002
,885.000000000000000,1144.890000000000100,34820,"Myrtle Beach-North Myrtle Beach-Conway, SC  Metro Area",269291.000000000000000,0.000000000000000,-78.996735999999999,33.921563999999996
,886.000000000000000,556.159999999999970,12100,"Atlantic City-Hammonton, NJ  Metro Area",274549.000000000000000,0.000000000000000,-74.683376999999993,39.482956000000001
,887.000000000000000,228.900000000000010,45940,"Trenton-Ewing, NJ  Metro Area",366513.000000000000000,0.000000000000000,-74.701514000000003,40.283276000000001
,888.000000000000000,502.709999999999980,47220,"Vineland-Millville-Bridgeton, NJ  Metro Area",156898.000000000000000,0.000000000000000,-75.110601000000003,39.373269999999998
,890.000000000000000,1658.050000000000000,16820,"Charlottesville, VA  Metro Area",201559.000000000000000,0.000000000000000,-78.593080999999998,37.950243000000000
,892.000000000000000,1022.250000000000000,19260,"Danville, VA  Metro Area",106561.000000000000000,0.000000000000000,-79.397610000000000,36.811148000000003
,893.000000000000000,870.779999999999970,25500,"Harrisonburg, VA  Metro Area",125228.000000000000000,0.000000000000000,-78.875709000000001,38.510641000000000
,894.000000000000000,2146.449999999999800,31340,"Lynchburg, VA  Metro Area",252634.000000000000000,0.000000000000000,-79.219722000000004,37.365029999999997
,895.000000000000000,5841.729999999999600,40060,"Richmond, VA  Metro Area",1258251.000000000000000,1.000000000000000,-77.523493000000002,37.524498999999999
,897.000000000000000,5923.329999999999900,47900,"Washington-Arlington-Alexandria, DC-VA-MD-WV  Metro Area",5582170.000000000000000,1.000000000000000,-77.400965999999997,38.849769999999999
,898.000000000000000,759.009999999999990,19060,"Cumberland, MD-WV  Metro Area",103299.000000000000000,0.000000000000000,-78.804945000000004,39.531982999999997
,899.000000000000000,527.049999999999950,11020,"Altoona, PA  Metro Area",127089.000000000000000,0.000000000000000,-78.348618000000002,40.481247000000003
,903.000000000000000,693.490000000000010,27780,"Johnstown, PA  Metro Area",143679.000000000000000,0.000000000000000,-78.713583000000000,40.495319000000002
,907.000000000000000,1069.540000000000000,49020,"Winchester, VA-WV  Metro Area",128472.000000000000000,0.000000000000000,-78.473833999999997,39.272123000000001
,908.000000000000000,2634.940000000000100,12580,"Baltimore-Towson, MD  Metro Area",2710489.000000000000000,1.000000000000000,-76.585689000000002,39.345391999999997
,909.000000000000000,1161.680000000000100,28740,"Kingston, NY  Metro Area",182493.000000000000000,0.000000000000000,-74.258437999999998,41.888145999999999
,910.000000000000000,1663.290000000000000,39100,"Poughkeepsie-Newburgh-Middletown, NY  Metro Area",670301.000000000000000,1.000000000000000,-74.025570999999999,41.582627000000002
,911.000000000000000,1475.970000000000000,10900,"Allentown-Bethlehem-Easton, PA-NJ  Metro Area",821173.000000000000000,1.000000000000000,-75.403649999999999,40.789456999999999
,914.000000000000000,983.880000000000000,29540,"Lancaster, PA  Metro Area",519445.000000000000000,1.000000000000000,-76.247721999999996,40.042372999999998
,915.000000000000000,362.560000000000000,30140,"Lebanon, PA  Metro Area",133568.000000000000000,0.000000000000000,-76.457744000000005,40.367207999999998
,916.000000000000000,4758.180000000000300,37980,"Philadelphia-Camden-Wilmington, PA-NJ-DE-MD  Metro Area",5965343.000000000000000,1.000000000000000,-75.301457999999997,39.905811000000000
,918.000000000000000,865.539999999999960,39740,"Reading, PA  Metro Area",411442.000000000000000,0.000000000000000,-75.926073000000002,40.416401999999998
,920.000000000000000,1776.410000000000100,42540,"Scranton--Wilkes-Barre, PA  Metro Area",563631.000000000000000,1.000000000000000,-75.895756000000006,41.323213000000003
,921.000000000000000,598.259999999999990,20100,"Dover, DE  Metro Area",162310.000000000000000,0.000000000000000,-75.568366999999995,39.086114000000002
,927.000000000000000,713.340000000000030,41540,"Salisbury, MD  Metro Area",125203.000000000000000,0.000000000000000,-75.677257999999995,38.255690999999999
,928.000000000000000,249.930000000000010,36140,"Ocean City, NJ  Metro Area",97265.000000000000000,0.000000000000000,-74.809027000000000,39.153213000000001
,930.000000000000000,2944.280000000000200,47260,"Virginia Beach-Norfolk-Newport News, VA-NC  Metro Area",1671683.000000000000000,1.000000000000000,-76.482652000000002,36.917513000000000
,931.000000000000000,645.299999999999950,14860,"Bridgeport-Stamford-Norwalk, CT  Metro Area",916829.000000000000000,1.000000000000000,-73.388794000000004,41.273417999999999
,932.000000000000000,1552.270000000000000,25540,"Hartford-West Hartford-East Hartford, CT  Metro Area",1212381.000000000000000,1.000000000000000,-72.577430000000007,41.734931000000003
,933.000000000000000,619.159999999999970,35300,"New Haven-Milford, CT  Metro Area",862477.000000000000000,1.000000000000000,-72.932378999999997,41.410885999999998
,934.000000000000000,692.279999999999970,35980,"Norwich-New London, CT  Metro Area",274055.000000000000000,0.000000000000000,-72.101950000000002,41.487853000000001
,937.000000000000000,413.880000000000000,12700,"Barnstable Town, MA  Metro Area",215888.000000000000000,0.000000000000000,-70.299211000000000,41.725949000000000
,938.000000000000000,6920.640000000000300,35620,"New York-Northern New Jersey-Long Island, NY-NJ-PA  Metro Area",18897109.000000000000000,1.000000000000000,-74.145666000000006,40.786180999999999
,939.000000000000000,1669.940000000000100,39300,"Providence-New Bedford-Fall River, RI-MA  Metro Area",1600852.000000000000000,1.000000000000000,-71.402015000000006,41.719560999999999